Domain,PSR_Only (Neural),CPE_Only (Symbolic),nsts_no_igd,nsts
apple,100.00%,0.00%,98.02%,99.01%
au,30.88%,85.52%,85.15%,83.41%
cafnr,98.60%,20.20%,98.44%,98.13%
coas,98.72%,92.31%,98.29%,98.29%
google,73.23%,43.75%,76.06%,76.16%
healthline,97.94%,90.37%,91.09%,98.48%
hollywood,86.25%,47.17%,85.45%,85.39%
so,30.61%,81.55%,62.52%,78.74%
toh,99.73%,57.83%,98.53%,99.33%
treasury,94.99%,67.55%,90.46%,94.53%
voa,97.15%,89.50%,91.75%,98.04%
Overall,86.36%,74.72%,87.53%,92.49%
Average,82.55%,61.43%,88.71%,91.77%
