Domain,ArticleDateExtractor + PSR + UDG,Htmldate + PSR + UDG,McMetadata + PSR + UDG,NSTS (CPE + PSR + UDG)
apple,100.00%,99.01%,100.00%,99.01%
au,26.35%,41.05%,41.05%,83.41%
cafnr,98.52%,98.05%,98.60%,98.13%
coas,97.01%,98.72%,98.72%,98.29%
google,68.64%,68.64%,68.64%,76.16%
healthline,97.54%,98.75%,97.40%,98.48%
hollywood,86.21%,85.20%,86.21%,85.39%
so,24.79%,40.46%,40.46%,78.74%
toh,98.93%,99.46%,99.46%,99.33%
treasury,94.27%,95.34%,95.34%,94.53%
voa,97.16%,97.27%,97.15%,98.04%
Overall,85.06%,87.00%,86.92%,92.49%
Average,80.86%,83.81%,83.91%,91.77%
